CITY	STATE	MEDIAN AGE	MALES	FEMALES	TOTAL POPULATION	VETERANS	FOREIGN BORN	AVE HH SIZE	STATE ABBR	AMERICAN	WHITE	ASIAN	HISPANIC	BLACK
Texas	 Abilene	 31.299999	 65212	 60664	 125876	 9367	 8129	 2.640000	 TX	 95487	 2929	 1813	 33222	 14449	
Ohio	 Akron	 38.099998	 96886	 100667	 197553	 12878	 10024	 2.240000	 OH	 129192	 9033	 1845	 3684	 66551	
Florida	 Alafaya	 33.500000	 39504	 45760	 85264	 4176	 15842	 2.940000	 FL	 63666	 10336	 0	 34897	 6577	
California	 Alameda	 41.400002	 37747	 40867	 78614	 4504	 18841	 2.520000	 CA	 44232	 27984	 1329	 8265	 7364	
Georgia	 Albany	 33.299999	 31695	 39414	 71109	 5409	 861	 2.380000	 GA	 17160	 650	 445	 1783	 53440	
New York	 Albany	 32.799999	 47627	 50825	 98452	 3643	 11948	 2.080000	 NY	 58368	 8090	 1611	 9368	 31303	
New Mexico	 Albuquerque	 36.000000	 273323	 285808	 559131	 37443	 58200	 2.490000	 NM	 411847	 25140	 32243	 271854	 26774	
Virginia	 Alexandria	 36.599998	 74989	 78522	 153511	 10635	 44030	 2.200000	 VA	 106215	 13315	 1133	 25573	 37168	
California	 Alhambra	 41.000000	 42184	 43388	 85572	 1673	 44441	 2.890000	 CA	 20811	 44067	 687	 31386	 1905	
Pennsylvania	 Allen	 33.500000	 60626	 59581	 120207	 5691	 19652	 2.670000	 PA	 74187	 2670	 1076	 59176	 22304	
Texas	 Allen	 37.200001	 51324	 46814	 98138	 3505	 19649	 3.040000	 TX	 69840	 15790	 227	 10615	 13140	
Texas	 Amarillo	 33.799999	 99391	 100260	 199651	 11008	 21124	 2.640000	 TX	 174214	 8563	 4260	 65392	 14050	
Iowa	 Ames	 23.000000	 33814	 31238	 65052	 2265	 8606	 2.160000	 IA	 56157	 8979	 0	 2024	 1103	
California	 Anaheim	 33.599998	 179603	 171135	 350738	 9796	 137133	 3.450000	 CA	 259820	 53270	 2489	 201593	 9775	
Alaska	 Anchorage	 32.200001	 152945	 145750	 298695	 27492	 33258	 2.770000	 AK	 212696	 36825	 36339	 27261	 23107	
Michigan	 Ann Arbor	 28.100000	 58789	 58281	 117070	 3614	 20717	 2.170000	 MI	 90173	 18797	 1935	 5888	 9577	
California	 Antioch	 34.000000	 54733	 55809	 110542	 5681	 24942	 3.310000	 CA	 51151	 14333	 3462	 35563	 23227	
California	 Apple Valley	 34.299999	 32873	 39312	 72185	 5714	 5801	 3.030000	 CA	 60767	 2281	 1446	 25928	 9124	
Wisconsin	 Appleton	 35.599998	 37217	 38038	 75255	 4219	 4454	 2.490000	 WI	 64674	 5561	 835	 5139	 3407	
California	 Arden-Arcade	 41.500000	 47596	 48680	 96276	 6511	 13458	 2.180000	 CA	 69369	 7355	 2587	 15273	 13647	
Texas	 Arlington	 32.599998	 191060	 197062	 388122	 17050	 79271	 2.890000	 TX	 251155	 31804	 2918	 112078	 92955	
Virginia	 Arlington	 34.400002	 113981	 115183	 229164	 12719	 55205	 2.190000	 VA	 171673	 28595	 845	 35911	 22372	
Illinois	 Arlington Heights	 45.900002	 37627	 39369	 76996	 3027	 14630	 2.380000	 IL	 66285	 9975	 0	 2742	 1222	
Colorado	 Arvada	 41.000000	 54870	 60165	 115035	 8930	 4921	 2.490000	 CO	 107639	 2922	 2370	 16419	 2985	
North Carolina	 Asheville	 37.900002	 42100	 46407	 88507	 4973	 6630	 2.180000	 NC	 77979	 1939	 496	 4146	 9078	
Texas	 Atascocita	 32.799999	 37424	 40816	 78240	 4416	 8657	 3.030000	 TX	 50630	 2441	 1024	 20441	 21491	
Georgia	 Athens-Clarke County unified government	 26.500000	 57415	 65148	 122563	 3953	 12868	 2.440000	 GA	 79931	 6635	 593	 13159	 34583	
Georgia	 Atlanta	 33.799999	 223960	 239915	 463875	 18572	 32016	 2.150000	 GA	 196316	 24268	 4606	 18653	 245367	
Washington	 Auburn	 37.099998	 36837	 39743	 76580	 5401	 14842	 2.730000	 WA	 58293	 12341	 3042	 10836	 4032	
Georgia	 Augusta-Richmond County consolidated government	 33.700001	 94662	 101917	 196579	 19085	 7915	 2.670000	 GA	 77940	 4429	 1667	 9068	 112271	
Colorado	 Aurora	 34.200001	 177899	 180971	 358870	 25158	 65816	 2.820000	 CO	 239803	 24673	 8277	 109396	 61894	
Illinois	 Aurora	 31.700001	 101964	 101751	 203715	 4988	 50980	 3.300000	 IL	 115903	 17190	 1179	 86653	 23736	
Texas	 Austin	 32.700001	 475718	 456122	 931840	 37414	 181686	 2.500000	 TX	 708171	 78916	 10890	 327680	 81861	
Arizona	 Avondale	 29.100000	 38712	 41971	 80683	 4815	 8355	 3.180000	 AZ	 62176	 2828	 613	 34716	 11592	
California	 Bakersfield	 30.600000	 182154	 191473	 373627	 12284	 71575	 3.230000	 CA	 272853	 31929	 7357	 180241	 34240	
California	 Baldwin Park	 35.799999	 38747	 38309	 77056	 780	 34322	 4.130000	 CA	 36890	 15505	 316	 56282	 1560	
Maryland	 Baltimore	 34.700001	 294027	 327822	 621849	 29540	 49857	 2.510000	 MD	 207274	 20161	 7730	 29953	 396270	
Louisiana	 Baton Rouge	 31.200001	 111492	 117104	 228596	 10633	 12268	 2.520000	 LA	 96730	 7442	 1119	 7428	 122634	
Texas	 Bay	 32.900002	 37977	 37508	 75485	 3478	 13192	 2.590000	 TX	 48797	 2819	 2167	 31672	 16782	
Puerto Rico	 Bayamón	 39.400002	 80128	 90131	 170259	 0	 0	 0.000000	 PR	 0	 0	 0	 169155	 0	
New Jersey	 Bayonne	 39.700001	 32705	 33598	 66303	 2225	 21899	 2.620000	 NJ	 41431	 7171	 0	 19525	 7581	
Texas	 Beaumont	 31.600000	 57326	 60784	 118110	 7584	 10516	 2.470000	 TX	 53597	 4079	 908	 18815	 58008	
Oregon	 Beaverton	 35.599998	 47325	 49252	 96577	 4645	 18933	 2.460000	 OR	 80975	 10538	 905	 15452	 3100	
Washington	 Bellevue	 37.400002	 70763	 69051	 139814	 5382	 54654	 2.430000	 WA	 82378	 52223	 1949	 12215	 4151	
California	 Bellflower	 33.400002	 38936	 39498	 78434	 2154	 24607	 3.580000	 CA	 23336	 10764	 783	 42472	 12839	
Washington	 Bellingham	 30.700001	 41286	 43857	 85143	 4703	 8713	 2.440000	 WA	 74183	 8010	 2056	 6966	 2325	
Oregon	 Bend	 37.299999	 42294	 44723	 87017	 6199	 3032	 2.390000	 OR	 83689	 2726	 1818	 8173	 465	
California	 Berkeley	 32.500000	 60142	 60829	 120971	 3736	 25000	 2.350000	 CA	 82949	 27089	 1868	 15429	 11255	
Pennsylvania	 Bethlehem	 35.099998	 35861	 38506	 74367	 4704	 6295	 2.460000	 PA	 64526	 3759	 0	 23409	 7821	
Montana	 Billings	 36.299999	 52705	 57565	 110270	 9121	 3206	 2.400000	 MT	 102522	 1873	 6066	 7526	 2200	
Alabama	 Birmingham	 35.599998	 102122	 112789	 214911	 13212	 8258	 2.210000	 AL	 51728	 1500	 1319	 8940	 157985	
North Dakota	 Bismarck	 38.000000	 34675	 35565	 70240	 4145	 2064	 2.110000	 ND	 64719	 930	 4040	 1667	 1700	
California	 Bk	 37.000000	 50405	 54909	 105314	 4048	 32435	 2.520000	 CA	 79582	 14636	 1639	 22089	 4729	
Illinois	 Bloomington	 35.099998	 37972	 40323	 78295	 3888	 7287	 2.340000	 IL	 60652	 6549	 182	 3461	 11240	
Indiana	 Bloomington	 23.500000	 40588	 43227	 83815	 2368	 10033	 2.330000	 IN	 71200	 9801	 912	 3643	 5133	
Minnesota	 Bloomington	 40.900002	 43318	 43118	 86436	 6176	 10728	 2.300000	 MN	 71874	 4689	 1745	 8021	 5828	
Florida	 Boca Raton	 47.299999	 44760	 48466	 93226	 4367	 21117	 2.220000	 FL	 80781	 2494	 556	 14735	 4527	
Idaho	 Boise	 34.900002	 110099	 108181	 218280	 16004	 13409	 2.610000	 ID	 204913	 9806	 4046	 19480	 4413	
Illinois	 Bolingbrook	 33.700001	 36295	 35801	 72096	 2951	 15212	 3.420000	 IL	 40458	 9788	 323	 16904	 12671	
Louisiana	 Bossier City	 32.700001	 33428	 34669	 68097	 8108	 2980	 2.400000	 LA	 47454	 2175	 630	 5589	 19520	
Massachusetts	 Boston	 31.799999	 322149	 347320	 669469	 18350	 190123	 2.380000	 MA	 378543	 69976	 5580	 130656	 189347	
Colorado	 Boulder	 29.000000	 56342	 51000	 107342	 4061	 12993	 2.240000	 CO	 98243	 8772	 767	 9795	 1615	
Florida	 Boynton Beach	 45.799999	 33701	 40271	 73972	 4727	 15431	 2.450000	 FL	 49704	 2114	 0	 12553	 20616	
Florida	 Brandon	 36.099998	 55679	 58289	 113968	 9417	 16390	 2.640000	 FL	 80811	 9440	 1921	 26224	 23475	
New York	 Brentwood	 34.200001	 31395	 32397	 63792	 1492	 27058	 4.980000	 NY	 46347	 1647	 4242	 40111	 8619	
Connecticut	 Bridgeport	 34.099998	 71509	 76110	 147619	 4646	 44475	 2.860000	 CT	 68007	 8546	 2527	 59036	 53770	
Massachusetts	 Brockton	 35.200001	 46273	 49041	 95314	 3036	 27313	 2.880000	 MA	 40110	 2528	 881	 10890	 43646	
Oklahoma	 Broken Arrow	 36.799999	 52136	 55459	 107595	 6797	 6845	 2.770000	 OK	 94366	 4206	 11963	 9191	 7198	
Minnesota	 Brooklyn Park	 35.099998	 37845	 41305	 79150	 3506	 17490	 2.850000	 MN	 41760	 14443	 1173	 4138	 22550	
Colorado	 Broomfield	 36.799999	 31755	 33310	 65065	 3966	 5316	 2.530000	 CO	 58341	 5193	 601	 8065	 1154	
Texas	 Brownsville	 30.600000	 87689	 96199	 183888	 4211	 53301	 3.480000	 TX	 174670	 1589	 1165	 170041	 1239	
Texas	 Bryan	 29.400000	 41761	 40345	 82106	 3602	 12014	 2.550000	 TX	 59742	 2688	 3557	 29647	 11914	
California	 Buena Park	 35.700001	 41593	 41671	 83264	 3116	 28430	 3.550000	 CA	 48412	 24624	 361	 32915	 901	
New York	 Buffalo	 33.099998	 124537	 133529	 258066	 11231	 24630	 2.270000	 NY	 130078	 14518	 4406	 29656	 101254	
Puerto Rico	 Caguas	 40.400002	 34743	 42265	 77008	 0	 0	 0.000000	 PR	 0	 0	 624	 76349	 0	
California	 Camarillo	 40.799999	 31941	 35682	 67623	 4384	 9735	 2.770000	 CA	 59702	 7198	 742	 16186	 1219	
Massachusetts	 Cambridge	 31.500000	 55421	 54981	 110402	 2495	 27757	 2.060000	 MA	 80551	 18441	 906	 9433	 11880	
New Jersey	 Camden	 27.900000	 36437	 39694	 76131	 1425	 11317	 3.000000	 NJ	 19907	 1686	 0	 41473	 35237	
Ohio	 Canton	 33.400002	 34476	 37419	 71895	 3404	 2204	 2.320000	 OH	 53571	 0	 358	 3597	 21353	
Florida	 Cape Coral	 45.000000	 85626	 89604	 175230	 14446	 24185	 2.850000	 FL	 163396	 3314	 1040	 33016	 7311	
California	 Carlsbad	 42.099998	 55119	 58347	 113466	 6031	 17689	 2.680000	 CA	 98705	 11948	 1513	 12969	 876	
Indiana	 Carmel	 39.900002	 42928	 46101	 89029	 2723	 9645	 2.710000	 IN	 77178	 11223	 0	 3111	 2171	
California	 Carmichael	 41.000000	 29281	 33934	 63215	 4225	 7378	 2.390000	 CA	 55862	 4205	 2603	 9291	 4675	
Puerto Rico	 Carolina	 42.000000	 64758	 77308	 142066	 0	 0	 0.000000	 PR	 0	 0	 12143	 139967	 0	
Texas	 Carrollton	 36.900002	 66928	 66218	 133146	 5720	 35327	 2.780000	 TX	 102948	 18456	 812	 46850	 10923	
California	 Carson	 40.400002	 43790	 49506	 93296	 4273	 33860	 3.700000	 CA	 28801	 31706	 2119	 32938	 19947	
North Carolina	 Cary	 39.900002	 78932	 81582	 160514	 7426	 30008	 2.610000	 NC	 119814	 25124	 1752	 10327	 15496	
Arizona	 Casas Adobes	 44.799999	 30890	 34375	 65265	 6601	 7024	 2.240000	 AZ	 58956	 3009	 2047	 13609	 1854	
Texas	 Cedar Park	 34.400002	 31248	 33589	 64837	 3090	 5207	 3.050000	 TX	 56991	 5654	 219	 11872	 3667	
Iowa	 Cedar Rapids	 36.200001	 63109	 67296	 130405	 7823	 5404	 2.320000	 IA	 116851	 5406	 1243	 5328	 11921	
Colorado	 Centennial	 42.400002	 53222	 56504	 109726	 7226	 9501	 2.660000	 CO	 98174	 7041	 1219	 8086	 4005	
Virginia	 Centreville	 36.000000	 34749	 37033	 71782	 3779	 27797	 2.970000	 VA	 39129	 25058	 355	 9613	 6724	
Illinois	 Champaign	 28.700001	 43326	 42760	 86086	 3734	 12261	 2.250000	 IL	 58099	 11746	 0	 4015	 16163	
Arizona	 Chandler	 35.599998	 128885	 131948	 260833	 15870	 38721	 2.780000	 AZ	 207993	 33079	 6601	 57159	 16163	
South Carolina	 Charleston	 35.000000	 63956	 71568	 135524	 9368	 5767	 2.400000	 SC	 104016	 2773	 633	 3929	 29998	
North Carolina	 Charlotte	 34.299999	 396646	 430475	 827121	 36046	 128897	 2.520000	 NC	 446795	 55399	 8746	 113731	 301568	
Tennessee	 Chattanooga	 36.599998	 83640	 92957	 176597	 10001	 10599	 2.400000	 TN	 114140	 4602	 1092	 10918	 59918	
New York	 Cheektowaga	 40.700001	 37476	 38599	 76075	 5408	 3532	 2.300000	 NY	 63541	 1584	 0	 1994	 10562	
Virginia	 Chesapeake	 36.700001	 114964	 120465	 235429	 29772	 13966	 2.730000	 VA	 150414	 11354	 2087	 12959	 73850	
Illinois	 Chicago	 34.200001	 1320015	 1400541	 2720556	 72042	 573463	 2.530000	 IL	 1374535	 195084	 23323	 785725	 873316	
California	 Chico	 29.900000	 46168	 44168	 90336	 4519	 8425	 2.500000	 CA	 80467	 6101	 2766	 15578	 3164	
California	 Chino	 36.500000	 50989	 34610	 85599	 4186	 18666	 3.620000	 CA	 44543	 12948	 4790	 45495	 6815	
California	 Chino Hills	 41.900002	 39639	 38674	 78313	 3358	 24764	 3.050000	 CA	 40030	 28132	 1773	 22539	 3506	
California	 Chula Vista	 34.599998	 131485	 134269	 265754	 12368	 82710	 3.320000	 CA	 183753	 48506	 1652	 156522	 15641	
Illinois	 Cicero	 28.500000	 43153	 40714	 83867	 629	 33801	 3.890000	 IL	 30824	 1193	 964	 76425	 2865	
Ohio	 Cincinnati	 32.700001	 143654	 154883	 298537	 13699	 16896	 2.080000	 OH	 162245	 7633	 3362	 9121	 133430	
California	 Citrus Heights	 37.799999	 41982	 45071	 87053	 6171	 9466	 2.490000	 CA	 77525	 3615	 1514	 14661	 5979	
Tennessee	 Clarksville	 29.700001	 75029	 74161	 149190	 20803	 8211	 2.640000	 TN	 104626	 6348	 2338	 16004	 39445	
Florida	 Clearwater	 47.000000	 55225	 57754	 112979	 10631	 17686	 2.400000	 FL	 97195	 2434	 867	 17211	 12369	
Ohio	 Cleveland	 36.000000	 186436	 201623	 388059	 19849	 18830	 2.240000	 OH	 166958	 10102	 6140	 40603	 205395	
New Jersey	 Clifton	 38.500000	 41932	 44409	 86341	 2603	 27979	 3.110000	 NJ	 51516	 5840	 2417	 33176	 8743	
California	 Clovis	 37.799999	 52392	 51780	 104172	 6173	 13409	 2.760000	 CA	 78029	 14249	 1876	 23744	 3434	
Texas	 College Station	 22.900000	 54125	 53774	 107899	 2471	 16145	 2.520000	 TX	 84892	 10915	 605	 17784	 11316	
Colorado	 Colorado Springs	 34.799999	 225544	 231018	 456562	 49291	 35320	 2.480000	 CO	 374900	 22619	 11146	 78711	 38976	
Maryland	 Columbia	 37.900002	 52202	 51265	 103467	 6526	 23249	 2.680000	 MD	 58343	 17821	 488	 8033	 30075	
Missouri	 Columbia	 26.799999	 56544	 62554	 119098	 4548	 10729	 2.370000	 MO	 96067	 8673	 1713	 4956	 15489	
South Carolina	 Columbia	 28.000000	 67686	 65707	 133393	 5708	 6074	 2.320000	 SC	 73232	 3501	 1420	 7545	 56398	
Georgia	 Columbus	 33.700001	 98785	 101794	 200579	 21747	 10376	 2.620000	 GA	 97436	 7039	 1343	 15180	 95366	
Ohio	 Columbus	 32.500000	 413981	 435086	 849067	 40238	 101129	 2.400000	 OH	 549468	 48974	 11496	 46855	 256764	
California	 Compton	 30.100000	 49264	 49184	 98448	 897	 30660	 4.080000	 CA	 53919	 1732	 298	 67523	 26395	
California	 Concord	 39.599998	 62310	 66358	 128668	 6287	 37428	 2.720000	 CA	 92575	 17453	 1447	 41400	 6150	
North Carolina	 Concord	 35.700001	 42732	 44961	 87693	 4621	 8847	 2.720000	 NC	 60500	 3566	 216	 11301	 19027	
Texas	 Conroe	 31.500000	 34907	 33685	 68592	 4871	 13839	 2.650000	 TX	 57480	 2302	 707	 23863	 6713	
Florida	 Coral Springs	 37.200001	 63316	 66186	 129502	 4724	 38552	 3.170000	 FL	 90896	 6573	 1262	 40817	 27225	
California	 Corona	 37.099998	 79749	 84493	 164242	 7709	 42131	 2.970000	 CA	 119403	 21044	 2268	 68592	 9437	
Texas	 Corpus Christi	 35.000000	 160488	 163594	 324082	 25078	 30834	 2.690000	 TX	 292663	 9051	 2972	 200737	 14978	
California	 Costa Mesa	 34.799999	 59097	 54089	 113186	 4095	 26645	 2.590000	 CA	 87320	 9165	 1961	 38239	 2925	
Rhode Island	 Cranston	 39.900002	 38365	 42712	 81077	 4702	 10631	 2.560000	 RI	 64806	 5978	 839	 10418	 8193	
Virginia	 Dale City	 33.400002	 35984	 35415	 71399	 6085	 22306	 3.650000	 VA	 34640	 9251	 548	 23868	 18074	
Texas	 Dallas	 32.599998	 639019	 661063	 1300082	 41026	 326825	 2.590000	 TX	 839169	 47099	 17510	 549966	 322570	
California	 Daly City	 39.700001	 53817	 52757	 106574	 3782	 56640	 3.260000	 CA	 25522	 61918	 893	 24316	 5401	
Connecticut	 Danbury	 37.299999	 43435	 41227	 84662	 3752	 25675	 2.740000	 CT	 55917	 7350	 1086	 25145	 8454	
Iowa	 Davenport	 35.200001	 50123	 52454	 102577	 7090	 4065	 2.390000	 IA	 88145	 3071	 901	 9131	 12761	
Florida	 Davie	 40.799999	 48754	 52140	 100894	 4655	 26532	 2.720000	 FL	 79832	 4581	 464	 35311	 11005	
California	 Davis	 26.299999	 33493	 34163	 67656	 2176	 13997	 2.690000	 CA	 47997	 17816	 779	 9041	 2081	
Ohio	 Dayton	 32.799999	 66631	 73966	 140597	 8465	 7381	 2.260000	 OH	 86016	 1885	 2010	 4945	 57280	
Michigan	 Dearborn	 33.500000	 46482	 48698	 95180	 3163	 23920	 3.040000	 MI	 88742	 4134	 713	 3533	 3699	
Illinois	 Decatur	 40.400002	 34646	 38210	 72856	 5291	 1224	 2.230000	 IL	 56231	 1343	 265	 1709	 17939	
Florida	 Deerfield Beach	 41.400002	 37155	 42614	 79769	 3882	 23642	 2.460000	 FL	 53037	 1428	 698	 12729	 25344	
Florida	 Delray Beach	 47.900002	 32219	 34042	 66261	 4232	 16639	 2.350000	 FL	 40980	 1696	 0	 6397	 21138	
Florida	 Deltona	 39.900002	 44853	 43621	 88474	 5664	 7098	 2.890000	 FL	 75686	 1292	 651	 31357	 12056	
Texas	 Denton	 28.700001	 62478	 68569	 131047	 6352	 18451	 2.660000	 TX	 106278	 7061	 1857	 29350	 15542	
Colorado	 Denver	 34.099998	 341137	 341408	 682545	 29363	 113222	 2.330000	 CO	 546370	 32491	 14008	 207847	 72288	
Iowa	 Des Moines	 34.500000	 103726	 106591	 210317	 11780	 23857	 2.410000	 IA	 168057	 15205	 3964	 25306	 26353	
Michigan	 Detroit	 34.799999	 319265	 357859	 677124	 29511	 39861	 2.600000	 MI	 104260	 10804	 6007	 53980	 545988	
Alabama	 Dothan	 38.900002	 32172	 35364	 67536	 6334	 1699	 2.590000	 AL	 43516	 1175	 656	 1704	 23243	
California	 Downey	 37.299999	 53006	 61205	 114211	 2281	 39977	 3.450000	 CA	 77220	 9776	 535	 84806	 5498	
Minnesota	 Duluth	 34.700001	 41271	 44855	 86126	 5015	 2258	 2.250000	 MN	 81720	 1721	 1894	 1981	 3891	
North Carolina	 Durham	 33.200001	 121153	 136445	 257598	 12528	 38642	 2.400000	 NC	 127680	 15740	 3154	 36304	 108088	
Minnesota	 Eagan	 36.799999	 31587	 34701	 66288	 2699	 8642	 2.490000	 MN	 52612	 6923	 684	 4328	 8032	
California	 East Los Angeles	 32.599998	 60460	 59206	 119666	 1101	 49575	 3.750000	 CA	 48980	 1053	 778	 116211	 508	
New Jersey	 East Orange	 35.500000	 29995	 34967	 64962	 1870	 15164	 2.850000	 NJ	 3165	 656	 535	 6368	 57859	
Wisconsin	 Eau Claire	 32.000000	 32327	 35106	 67433	 3261	 2833	 2.400000	 WI	 62194	 4202	 876	 1488	 725	
Texas	 Edinburg	 29.299999	 39422	 45079	 84501	 2409	 16569	 3.310000	 TX	 77560	 812	 0	 74698	 0	
Oklahoma	 Edmond	 32.500000	 45191	 44899	 90090	 5006	 5585	 2.680000	 OK	 78979	 5349	 8051	 6187	 4987	
California	 El Cajon	 32.700001	 54450	 49238	 103688	 7103	 31865	 3.140000	 CA	 84703	 4561	 1891	 31542	 7534	
California	 El Monte	 37.299999	 57961	 58784	 116745	 1686	 59655	 3.670000	 CA	 64138	 33384	 718	 77523	 307	
Texas	 El Paso	 33.099998	 332797	 348339	 681136	 47693	 159709	 3.030000	 TX	 587683	 12370	 7359	 542017	 34473	
Illinois	 Elgin	 35.700001	 54852	 56224	 111076	 4024	 30167	 2.970000	 IL	 76126	 7606	 789	 48221	 7528	
New Jersey	 Elizabeth	 34.200001	 65896	 63116	 129012	 1131	 63413	 3.180000	 NJ	 70873	 3369	 797	 86456	 29822	
California	 Elk Grove	 36.099998	 80057	 86833	 166890	 7762	 38693	 3.340000	 CA	 86909	 59424	 2020	 28781	 20185	
Maryland	 Ellicott City	 42.400002	 34406	 36526	 70932	 3856	 17587	 2.730000	 MD	 43537	 22551	 396	 1602	 6089	
Nevada	 Enterprise	 34.099998	 69146	 66328	 135474	 7526	 31173	 2.890000	 NV	 85505	 35444	 2777	 25307	 14637	
Pennsylvania	 Erie	 35.299999	 48618	 50852	 99470	 7093	 6275	 2.310000	 PA	 78636	 3306	 913	 7859	 20564	
California	 Escondido	 33.299999	 76551	 74907	 151458	 8110	 46298	 3.270000	 CA	 120781	 14398	 3151	 73793	 5631	
Oregon	 Eugene	 33.400002	 79071	 84377	 163448	 8896	 14503	 2.340000	 OR	 146807	 11073	 5035	 17356	 5632	
Illinois	 Evanston	 36.799999	 34146	 41377	 75523	 2058	 15003	 2.290000	 IL	 54496	 8800	 544	 9075	 11671	
Indiana	 Evansville	 38.000000	 57198	 60481	 117679	 9063	 3169	 2.250000	 IN	 100055	 1376	 713	 3263	 17564	
Washington	 Everett	 37.000000	 56212	 51800	 108012	 7880	 19499	 2.360000	 WA	 88395	 9807	 3645	 15889	 8304	
California	 Fairfield	 34.700001	 55550	 57422	 112972	 8607	 24503	 3.140000	 CA	 64106	 22428	 1016	 32976	 18274	
Massachusetts	 Fall River	 39.299999	 43314	 45456	 88770	 4143	 14775	 2.210000	 MA	 77242	 1891	 1481	 9081	 6389	
North Dakota	 Fargo	 30.700001	 60560	 58690	 119250	 6154	 9428	 2.180000	 ND	 107349	 4646	 3102	 3567	 6477	
Michigan	 Farmington Hills	 42.099998	 37527	 43805	 81332	 3650	 18033	 2.410000	 MI	 57815	 10759	 313	 2052	 13483	
Arkansas	 Fayetteville	 27.100000	 41959	 40873	 82832	 4744	 6313	 2.280000	 AR	 68830	 4707	 2058	 5535	 6927	
North Carolina	 Fayetteville	 30.700001	 101051	 100914	 201965	 28089	 12863	 2.500000	 NC	 102075	 8949	 6603	 25080	 90625	
Washington	 Federal Way	 36.400002	 49151	 46037	 95188	 7135	 18565	 2.680000	 WA	 59035	 16026	 2396	 14049	 15495	
Indiana	 Fishers	 34.500000	 42161	 43910	 86071	 2469	 6138	 2.800000	 IN	 73361	 7571	 0	 3409	 6873	
Arizona	 Flagstaff	 23.900000	 33224	 37093	 70317	 3667	 4262	 2.550000	 AZ	 58696	 2646	 5117	 13606	 3144	
Michigan	 Flint	 35.299999	 48984	 49313	 98297	 3757	 2138	 2.380000	 MI	 44786	 657	 1508	 2525	 55137	
California	 Florence-Graham	 30.200001	 34186	 32173	 66359	 416	 28696	 4.570000	 CA	 30591	 0	 0	 60895	 5060	
Texas	 Flower Mound	 40.200001	 35200	 35824	 71024	 4217	 6860	 3.010000	 TX	 61433	 6577	 1095	 6149	 3559	
California	 Folsom	 40.900002	 41051	 35317	 76368	 4187	 13234	 2.620000	 CA	 57435	 15569	 998	 5822	 3985	
California	 Fontana	 29.500000	 100644	 106828	 207472	 4076	 61448	 4.150000	 CA	 85044	 14281	 2656	 156134	 16986	
Colorado	 Fort Collins	 29.600000	 80893	 80288	 161181	 8425	 9704	 2.450000	 CO	 150568	 7913	 3271	 15521	 3176	
Florida	 Fort Lauderdale	 42.799999	 93948	 84639	 178587	 8897	 47582	 2.380000	 FL	 109751	 3791	 1366	 28148	 62954	
Florida	 Fort Myers	 37.299999	 36850	 37165	 74015	 4312	 15365	 2.450000	 FL	 50169	 3519	 0	 17866	 17298	
Arkansas	 Fort Smith	 34.900002	 43346	 44849	 88195	 3408	 13177	 2.440000	 AR	 66004	 6228	 2993	 17104	 9851	
Indiana	 Fort Wayne	 34.700001	 124815	 133329	 258144	 13539	 19146	 2.450000	 IN	 204114	 13596	 3577	 21234	 46319	
Texas	 Fort Worth	 32.599998	 414126	 422843	 836969	 39182	 143404	 2.880000	 TX	 575180	 42053	 7504	 296133	 167449	
Massachusetts	 Framingham	 40.299999	 35442	 35768	 71210	 2625	 19070	 2.490000	 MA	 52205	 5993	 849	 13000	 6944	
Tennessee	 Franklin	 38.299999	 34991	 37644	 72635	 3303	 6876	 2.730000	 TN	 61459	 3911	 0	 4916	 7749	
Maryland	 Frederick	 36.099998	 33146	 36336	 69482	 3870	 14211	 2.480000	 MD	 49181	 5711	 1333	 13065	 13372	
California	 Fremont	 38.299999	 114383	 117808	 232191	 4629	 109427	 3.120000	 CA	 67294	 141953	 1606	 29594	 7762	
California	 Fresno	 30.000000	 256130	 263942	 520072	 18410	 103453	 3.120000	 CA	 325651	 75318	 11380	 256145	 46072	
Texas	 Frisco	 37.200001	 73989	 80399	 154388	 6297	 30913	 3.050000	 TX	 111477	 30341	 2947	 17093	 10821	
California	 Fullerton	 34.500000	 69549	 71300	 140849	 5394	 43404	 2.970000	 CA	 92216	 33937	 1668	 53459	 5241	
Florida	 Gainesville	 26.000000	 60803	 69330	 130133	 4788	 15272	 2.330000	 FL	 87612	 11963	 740	 12208	 32912	
Maryland	 Gaithersburg	 35.700001	 32211	 35234	 67445	 2126	 28133	 2.730000	 MD	 36639	 13169	 672	 18721	 12482	
California	 Garden Grove	 37.799999	 86779	 88605	 175384	 4316	 80677	 3.660000	 CA	 66782	 71737	 1713	 66038	 1840	
Texas	 Garland	 34.500000	 116406	 120430	 236836	 10407	 62975	 3.120000	 TX	 154484	 27217	 3083	 90989	 40507	
Indiana	 Gary	 38.099998	 35876	 41478	 77354	 3952	 1884	 2.350000	 IN	 13498	 537	 551	 6266	 61416	
North Carolina	 Gastonia	 36.900002	 35527	 39023	 74550	 3537	 5715	 2.670000	 NC	 46362	 2788	 603	 6653	 22179	
Maryland	 German	 34.900002	 41115	 43007	 84122	 2443	 27877	 2.950000	 MD	 43330	 15921	 1232	 18202	 22273	
Arizona	 Gilbert	 33.200001	 116711	 130812	 247523	 10817	 24531	 3.200000	 AZ	 211322	 19740	 5965	 39937	 9076	
Maryland	 Glen Burnie	 36.500000	 33398	 36461	 69859	 5298	 6971	 2.580000	 MD	 49982	 3194	 708	 9137	 17010	
Arizona	 Glendale	 34.400002	 116795	 123319	 240114	 13241	 44133	 2.890000	 AZ	 202539	 15245	 4064	 83711	 16254	
California	 Glendale	 42.099998	 98181	 102844	 201025	 4448	 111510	 2.690000	 CA	 146718	 42070	 474	 30807	 4619	
Arizona	 Goodyear	 38.599998	 36711	 42292	 79003	 7650	 11774	 2.970000	 AZ	 63493	 5701	 1301	 21603	 8678	
Texas	 Grand Prairie	 33.099998	 90811	 96944	 187755	 7073	 44888	 3.180000	 TX	 113981	 11446	 1754	 85543	 54934	
Michigan	 Grand Rapids	 32.099998	 95669	 99430	 195099	 8972	 19176	 2.560000	 MI	 143702	 6057	 3436	 31282	 42256	
Colorado	 Greeley	 31.000000	 50792	 50091	 100883	 4294	 11480	 2.750000	 CO	 92874	 2202	 2449	 39271	 2856	
Wisconsin	 Green Bay	 32.900002	 52517	 52704	 105221	 5519	 9813	 2.370000	 WI	 82033	 5652	 6547	 16786	 7561	
North Carolina	 Greensboro	 35.500000	 132251	 153093	 285344	 14011	 26667	 2.360000	 NC	 144930	 12683	 3688	 22147	 124108	
North Carolina	 Greenville	 26.200001	 39897	 50691	 90588	 4283	 4183	 2.400000	 NC	 50289	 2787	 917	 4409	 37355	
Oregon	 Gresham	 36.700001	 53866	 56716	 110582	 6326	 17860	 2.670000	 OR	 94904	 6641	 2084	 23576	 7721	
Puerto Rico	 Guaynabo	 42.200001	 33066	 37426	 70492	 0	 0	 0.000000	 PR	 0	 0	 589	 69936	 0	
Mississippi	 Gulfport	 35.099998	 33108	 38764	 71872	 6646	 3072	 2.540000	 MS	 42870	 1723	 0	 4247	 27799	
Indiana	 Hammond	 36.000000	 38923	 38687	 77610	 4144	 9224	 2.610000	 IN	 41705	 1540	 1509	 25320	 20442	
Virginia	 Hampton	 35.500000	 66214	 70240	 136454	 19638	 6204	 2.480000	 VA	 61753	 4561	 2534	 7513	 70303	
Texas	 Harlingen	 30.100000	 32404	 33365	 65769	 2761	 10391	 3.000000	 TX	 61844	 2166	 0	 51727	 0	
Connecticut	 Hartford	 31.000000	 58042	 65972	 124014	 3130	 28467	 2.590000	 CT	 46529	 4105	 2451	 55959	 49939	
California	 Hawthorne	 33.700001	 43682	 44762	 88444	 2123	 32107	 2.970000	 CA	 23665	 7601	 906	 50115	 21566	
California	 Hayward	 34.299999	 78152	 80148	 158300	 4385	 60970	 3.320000	 CA	 74800	 46285	 2178	 64880	 20219	
California	 Hemet	 36.799999	 38622	 45251	 83873	 5613	 13330	 2.970000	 CA	 67817	 3697	 2288	 37448	 7650	
Nevada	 Henderson	 42.500000	 139412	 146246	 285658	 25045	 35666	 2.550000	 NV	 234301	 24931	 3036	 47154	 18816	
California	 Hesperia	 29.400000	 43588	 49698	 93286	 3739	 16667	 3.520000	 CA	 78718	 2131	 1712	 53765	 4889	
Florida	 Hialeah	 43.000000	 111530	 125552	 237082	 1844	 170148	 3.310000	 FL	 219991	 1149	 0	 227508	 5687	
North Carolina	 High Point	 35.500000	 51751	 58077	 109828	 5204	 16315	 2.650000	 NC	 58004	 11060	 1181	 11446	 39369	
Colorado	 Highlands Ranch	 39.599998	 49186	 53281	 102467	 4840	 8827	 2.720000	 CO	 94499	 5650	 1480	 8393	 1779	
Oregon	 Hillsboro	 35.299999	 50926	 51434	 102360	 6625	 19531	 2.680000	 OR	 81072	 13704	 4524	 22169	 4347	
Florida	 Hollywood	 41.400002	 75358	 74363	 149721	 6056	 55158	 2.650000	 FL	 107916	 4696	 1010	 53247	 34916	
Florida	 Homestead	 31.400000	 31401	 35099	 66500	 2287	 24408	 3.480000	 FL	 48820	 0	 0	 41910	 16705	
Alabama	 Hoover	 38.500000	 38040	 46799	 84839	 4819	 8229	 2.580000	 AL	 61869	 4759	 0	 3430	 18191	
Texas	 Houston	 32.599998	 1149686	 1148942	 2298628	 71898	 696210	 2.660000	 TX	 1386389	 173854	 13157	 1028148	 529431	
California	 Huntington Beach	 41.599998	 99967	 101960	 201927	 10454	 35368	 2.670000	 CA	 156071	 29095	 2843	 42303	 4027	
Alabama	 Huntsville	 38.099998	 91764	 97350	 189114	 16637	 12691	 2.180000	 AL	 121904	 6566	 1755	 10887	 61561	
Missouri	 Independence	 38.599998	 54348	 62907	 117255	 10220	 4911	 2.330000	 MO	 98940	 558	 1883	 12236	 10394	
Indiana	 Indianapolis	 34.099998	 410615	 437808	 848423	 42186	 72456	 2.530000	 IN	 553665	 29307	 8656	 83426	 253932	
California	 Indio	 35.900002	 43803	 43723	 87526	 3647	 22538	 3.080000	 CA	 48562	 2866	 1112	 58852	 3300	
California	 Inglewood	 34.900002	 52995	 58661	 111656	 2703	 34171	 3.120000	 CA	 33966	 2712	 1395	 60873	 44991	
Iowa	 Iowa City	 25.500000	 37089	 37138	 74227	 2047	 9202	 2.360000	 IA	 59839	 5533	 610	 4072	 7219	
California	 Irvine	 34.599998	 125411	 131516	 256927	 5532	 116366	 2.730000	 CA	 127358	 126499	 799	 19266	 8670	
Texas	 Irving	 32.299999	 117189	 119428	 236617	 6207	 86756	 2.780000	 TX	 132779	 49421	 2960	 97862	 30356	
Mississippi	 Jackson	 31.700001	 79039	 91772	 170811	 8146	 1789	 2.650000	 MS	 28775	 864	 323	 3017	 139567	
Tennessee	 Jackson	 35.299999	 30007	 36973	 66980	 3529	 2097	 2.520000	 TN	 36037	 1171	 564	 3383	 30103	
Florida	 Jacksonville	 35.700001	 419203	 448828	 868031	 75432	 85650	 2.620000	 FL	 543582	 50895	 8177	 80064	 282692	
North Carolina	 Jacksonville	 24.200001	 40015	 27348	 67363	 8252	 3732	 2.510000	 NC	 51245	 4204	 1741	 11947	 13253	
New Jersey	 Jersey City	 34.299999	 131765	 132512	 264277	 4374	 109186	 2.570000	 NJ	 99300	 67610	 3356	 79718	 65051	
Georgia	 Johns Creek	 39.000000	 40282	 43057	 83339	 1983	 29000	 3.190000	 GA	 48414	 24289	 826	 5924	 11273	
Tennessee	 Johnson City	 38.200001	 31019	 34350	 65369	 5038	 2878	 2.180000	 TN	 59147	 1877	 400	 1114	 6016	
Illinois	 Joliet	 33.099998	 70863	 79162	 150025	 7353	 22409	 3.130000	 IL	 106160	 2813	 523	 45291	 27883	
Arkansas	 Jonesboro	 32.599998	 35666	 38240	 73906	 3682	 3222	 2.440000	 AR	 56626	 1282	 2109	 4614	 14599	
California	 Jurupa Valley	 33.799999	 49430	 50884	 100314	 3833	 25338	 3.870000	 CA	 58201	 4992	 1554	 66525	 3091	
Michigan	 Kalamazoo	 26.400000	 37175	 38865	 76040	 3048	 3482	 2.360000	 MI	 56866	 2429	 954	 4114	 19194	
Kansas	 Kansas City	 33.400002	 74606	 76655	 151261	 8139	 25507	 2.710000	 KS	 96113	 7301	 2749	 44342	 40177	
Missouri	 Kansas City	 35.900002	 228430	 246931	 475361	 24710	 37787	 2.350000	 MO	 296623	 17061	 5796	 46037	 147739	
Florida	 Kendall	 40.200001	 36658	 39808	 76466	 1678	 31180	 2.810000	 FL	 70266	 3650	 0	 47521	 2937	
Louisiana	 Kenner	 36.900002	 33993	 33113	 67106	 2485	 12352	 2.570000	 LA	 44863	 2729	 158	 17769	 17172	
Washington	 Kennewick	 32.000000	 38492	 40411	 78903	 5158	 8376	 2.780000	 WA	 65228	 4252	 1101	 19395	 2887	
Wisconsin	 Kenosha	 36.299999	 49349	 50507	 99856	 6238	 7443	 2.550000	 WI	 84780	 2537	 1264	 18772	 11915	
Washington	 Kent	 33.400002	 61825	 65137	 126962	 7985	 38175	 3.060000	 WA	 67918	 26168	 3651	 21928	 20450	
Texas	 Killeen	 29.200001	 69442	 71367	 140809	 24281	 15769	 2.720000	 TX	 75823	 8183	 2362	 32600	 54601	
Washington	 Kirkland	 40.799999	 42159	 45108	 87267	 5156	 18570	 2.300000	 WA	 70491	 15277	 1155	 6720	 1041	
Florida	 Kissimmee	 36.700001	 33283	 35869	 69152	 2449	 16879	 3.010000	 FL	 51123	 2634	 0	 44120	 6623	
Tennessee	 Knoxville	 33.099998	 89978	 95334	 185312	 10897	 10285	 2.210000	 TN	 145055	 4717	 2304	 8640	 35049	
Indiana	 Lafayette	 33.500000	 34313	 36857	 71170	 5045	 5697	 2.190000	 IN	 63157	 1167	 0	 9151	 6752	
Louisiana	 Lafayette	 31.700001	 64018	 63643	 127661	 5206	 5396	 2.540000	 LA	 85282	 2776	 1183	 6556	 39862	
California	 Laguna Niguel	 45.799999	 30193	 35619	 65812	 2648	 12571	 2.580000	 CA	 55919	 8499	 0	 9203	 881	
Louisiana	 Lake Charles	 31.799999	 35678	 40388	 76066	 4477	 3215	 2.360000	 LA	 36346	 1444	 592	 3157	 38358	
California	 Lake Forest	 40.299999	 41515	 40982	 82497	 3748	 20784	 2.760000	 CA	 59846	 16690	 1482	 17410	 3526	
Florida	 Lakeland	 38.099998	 47840	 56570	 104410	 7390	 11592	 2.560000	 FL	 75636	 3348	 288	 16501	 25111	
California	 Lakewood	 39.900002	 41523	 40069	 81592	 4094	 18274	 3.130000	 CA	 43766	 18999	 398	 24987	 6123	
Colorado	 Lakewood	 37.700001	 76013	 76576	 152589	 9988	 14169	 2.290000	 CO	 139669	 7340	 2597	 33630	 2679	
California	 Lancaster	 30.900000	 80668	 80445	 161113	 7892	 17247	 3.250000	 CA	 110311	 8654	 2186	 57423	 36007	
Michigan	 Lansing	 31.400000	 54333	 59777	 114110	 5327	 8371	 2.390000	 MI	 75688	 4168	 5254	 14245	 34196	
Texas	 Laredo	 28.799999	 124305	 131484	 255789	 4921	 68427	 3.660000	 TX	 246442	 1963	 1253	 243190	 832	
Florida	 Largo	 45.099998	 38166	 42841	 81007	 8310	 10489	 2.280000	 FL	 73502	 3249	 881	 9561	 5860	
New Mexico	 Las Cruces	 32.700001	 47835	 53809	 101644	 9421	 11888	 2.580000	 NM	 91201	 3266	 2368	 60614	 3825	
Nevada	 Las Vegas	 37.500000	 310568	 313201	 623769	 42397	 127609	 2.790000	 NV	 429142	 55745	 8456	 204913	 84987	
Florida	 Lauderhill	 35.700001	 32813	 38761	 71574	 1965	 25471	 3.020000	 FL	 10788	 2662	 1186	 6089	 56948	
Kansas	 Lawrence	 27.400000	 45592	 48324	 93916	 2986	 8701	 2.530000	 KS	 79793	 6547	 4239	 6435	 5777	
Massachusetts	 Lawrence	 30.799999	 37464	 42776	 80240	 1190	 29170	 3.170000	 MA	 40757	 2149	 0	 63175	 9221	
Oklahoma	 Lawton	 31.100000	 51099	 45560	 96659	 11572	 6123	 2.720000	 OK	 63948	 5173	 10027	 13780	 25767	
Utah	 Layton	 29.500000	 37748	 36394	 74142	 3811	 4268	 3.240000	 UT	 65333	 2889	 1674	 10123	 2710	
Texas	 League City	 35.900002	 49354	 48996	 98350	 6484	 8361	 2.720000	 TX	 86012	 8163	 0	 14868	 4166	
Missouri	 Lee's Summit	 36.799999	 48353	 46715	 95068	 6624	 3803	 2.680000	 MO	 82915	 3013	 1251	 4504	 7100	
Florida	 Lehigh Acres	 34.299999	 57856	 61624	 119480	 5551	 31880	 3.550000	 FL	 86328	 1853	 1675	 42092	 29998	
Texas	 Lewisville	 31.600000	 52776	 52032	 104808	 4211	 24865	 2.780000	 TX	 70278	 12412	 1371	 31757	 16948	
Kentucky	 Lexington-Fayette  county	 34.400002	 154032	 160456	 314488	 16661	 28613	 2.340000	 KY	 249339	 14066	 3187	 21766	 51493	
Nebraska	 Lincoln	 32.299999	 138544	 138802	 277346	 14694	 22958	 2.400000	 NE	 246677	 15138	 4281	 20296	 16445	
Arkansas	 Little Rock	 36.599998	 96997	 100989	 197986	 12343	 16640	 2.360000	 AR	 102312	 8423	 961	 15500	 85606	
California	 Livermore	 36.700001	 41522	 46595	 88117	 3063	 13959	 2.910000	 CA	 73440	 14116	 941	 19582	 3199	
Michigan	 Livonia	 47.400002	 45369	 49264	 94633	 5397	 7175	 2.520000	 MI	 87383	 2719	 445	 1772	 4633	
California	 Long Beach	 34.599998	 238159	 236013	 474172	 17463	 127764	 2.780000	 CA	 277962	 68095	 12841	 207890	 64948	
Colorado	 Longmont	 36.799999	 43941	 48280	 92221	 4925	 10424	 2.630000	 CO	 85853	 2255	 1682	 24846	 1782	
Texas	 Longview	 36.799999	 40065	 41525	 81590	 5512	 8782	 2.550000	 TX	 60997	 1810	 253	 17614	 19904	
Ohio	 Lorain	 35.599998	 30844	 32807	 63651	 4905	 1531	 2.520000	 OH	 46667	 308	 904	 19342	 16388	
California	 Los Angeles	 35.000000	 1958998	 2012898	 3971896	 85417	 1485425	 2.860000	 CA	 2177650	 512999	 63758	 1936732	 404868	
Kentucky	 Louisville/Jefferson County metro government	 37.500000	 298451	 316938	 615389	 39364	 37875	 2.450000	 KY	 456451	 18601	 4585	 28712	 151256	
Colorado	 Loveland	 37.599998	 37042	 38146	 75188	 5667	 3050	 2.530000	 CO	 71538	 1549	 1029	 13567	 950	
Massachusetts	 Lowell	 33.400002	 54422	 56298	 110720	 3764	 33414	 2.800000	 MA	 68838	 28944	 868	 22095	 7310	
Texas	 Lubbock	 29.200001	 122320	 126731	 249051	 10588	 14226	 2.610000	 TX	 206318	 7508	 7627	 90706	 23594	
Virginia	 Lynchburg	 28.700001	 38614	 41198	 79812	 4322	 4364	 2.480000	 VA	 53727	 2910	 1024	 2689	 23271	
Massachusetts	 Lynn	 34.799999	 44598	 47861	 92459	 3093	 29899	 2.810000	 MA	 50652	 9205	 1176	 33250	 18240	
California	 Lynwood	 29.400000	 35634	 36371	 72005	 776	 28061	 4.430000	 CA	 48670	 994	 0	 63377	 5346	
Georgia	 Macon	 36.000000	 71833	 81626	 153459	 10735	 4846	 2.460000	 GA	 64117	 3588	 682	 4897	 84569	
Wisconsin	 Madison	 30.700001	 122596	 126360	 248956	 9707	 30090	 2.230000	 WI	 204302	 23937	 2296	 19697	 20424	
New Hampshire	 Manchester	 37.299999	 54845	 55378	 110223	 5473	 14506	 2.400000	 NH	 100108	 4304	 558	 11962	 6896	
California	 Manteca	 35.299999	 37053	 38397	 75450	 3936	 13942	 3.250000	 CA	 56156	 8172	 2861	 31552	 6279	
Minnesota	 Maple Grove	 38.599998	 31780	 36601	 68381	 2943	 7645	 2.640000	 MN	 59683	 6088	 549	 1685	 2951	
Washington	 Marysville	 33.200001	 33436	 33337	 66773	 5714	 7721	 2.790000	 WA	 58894	 6185	 3260	 7142	 1800	
Puerto Rico	 Mayagüez	 38.099998	 30799	 35782	 66581	 0	 0	 0.000000	 PR	 0	 235	 0	 65521	 0	
Texas	 McAllen	 32.299999	 68332	 71921	 140253	 4356	 37691	 3.190000	 TX	 107763	 5575	 664	 113829	 3332	
Texas	 McKinney	 35.599998	 77339	 85548	 162887	 8082	 25760	 2.910000	 TX	 129192	 13882	 1801	 31705	 16689	
Oregon	 Medford	 38.599998	 39606	 40189	 79795	 6632	 6185	 2.650000	 OR	 75464	 2135	 1239	 14294	 1201	
Florida	 Melbourne	 43.400002	 39180	 40956	 80136	 8363	 9685	 2.370000	 FL	 65397	 5186	 251	 6060	 11721	
Tennessee	 Memphis	 34.099998	 312237	 343523	 655760	 31189	 43318	 2.550000	 TN	 202961	 15778	 4127	 46621	 420983	
California	 Menifee	 37.099998	 42866	 44297	 87163	 6821	 12481	 3.060000	 CA	 62331	 7108	 1639	 29790	 7773	
California	 Merced	 29.700001	 40048	 42392	 82440	 3723	 16348	 3.150000	 CA	 42475	 9911	 2331	 43684	 6464	
Idaho	 Meridian	 38.000000	 43353	 47400	 90753	 5640	 8110	 2.540000	 ID	 84625	 2693	 492	 6596	 1809	
Arizona	 Mesa	 36.900002	 234998	 236835	 471833	 31808	 57492	 2.680000	 AZ	 413010	 14608	 16044	 131425	 22699	
Texas	 Mesquite	 34.599998	 69240	 75884	 145124	 6438	 26755	 2.960000	 TX	 98597	 4496	 2564	 56753	 37339	
Louisiana	 Metairie	 41.599998	 69515	 76943	 146458	 7187	 19871	 2.390000	 LA	 124270	 4791	 438	 19703	 17263	
Florida	 Miami	 40.400002	 215840	 225149	 440989	 7233	 260789	 2.500000	 FL	 338232	 4613	 1571	 319942	 87331	
Florida	 Miami Beach	 42.500000	 48090	 44221	 92311	 2265	 49908	 2.100000	 FL	 72180	 2772	 0	 47446	 4013	
Florida	 Miami Gardens	 34.900002	 50719	 62480	 113199	 2327	 33394	 3.750000	 FL	 27273	 0	 0	 23287	 85300	
Texas	 Midland	 32.099998	 66595	 66355	 132950	 5753	 17061	 2.780000	 TX	 115958	 3279	 1922	 58677	 10379	
California	 Milpitas	 36.799999	 40098	 37519	 77617	 1608	 39436	 3.320000	 CA	 17127	 52617	 599	 11815	 2914	
Wisconsin	 Milwaukee	 31.600000	 286315	 313839	 600154	 20615	 58321	 2.510000	 WI	 297038	 24832	 10813	 110335	 248149	
Minnesota	 Minneapolis	 32.400002	 206547	 204388	 410935	 15217	 70769	 2.260000	 MN	 277862	 33854	 9238	 39981	 89996	
Florida	 Miramar	 36.599998	 66157	 70958	 137115	 3077	 57179	 3.410000	 FL	 58914	 12084	 0	 46767	 65840	
Texas	 Mission	 32.900002	 40530	 42777	 83307	 2383	 22608	 3.510000	 TX	 77985	 3075	 0	 73367	 0	
California	 Mission Viejo	 44.900002	 48849	 48314	 97163	 4713	 17308	 2.850000	 CA	 81186	 13073	 683	 18913	 2066	
Montana	 Missoula	 34.700001	 35002	 36022	 71024	 4733	 2771	 2.150000	 MT	 66504	 2292	 3618	 2474	 1149	
Texas	 Missouri City	 37.200001	 34932	 36846	 71778	 4274	 18556	 3.030000	 TX	 20590	 17854	 0	 10007	 28070	
Alabama	 Mobile	 38.000000	 91275	 103030	 194305	 11939	 7234	 2.400000	 AL	 93755	 5518	 2816	 5229	 96397	
California	 Modesto	 35.200001	 104852	 106405	 211257	 9855	 39613	 2.970000	 CA	 166618	 19417	 4388	 85141	 9869	
Alabama	 Montgomery	 35.400002	 94582	 106004	 200586	 14955	 9337	 2.410000	 AL	 73545	 6518	 1277	 6648	 121360	
California	 Moreno Valley	 30.700001	 98584	 105597	 204181	 8529	 54442	 3.900000	 CA	 90391	 11912	 1843	 120610	 35550	
South Carolina	 Mount Pleasant	 42.700001	 39429	 41880	 81309	 3981	 4701	 2.530000	 SC	 75908	 1827	 0	 2569	 3730	
New York	 Mount Vernon	 38.500000	 31876	 36745	 68621	 2064	 23777	 2.850000	 NY	 13106	 1497	 356	 9446	 49830	
California	 Mountain View	 33.500000	 42493	 37945	 80438	 1376	 31857	 2.460000	 CA	 51400	 23884	 577	 16397	 1974	
Indiana	 Muncie	 27.400000	 32446	 37255	 69701	 2968	 1062	 2.350000	 IN	 59962	 0	 203	 2499	 10482	
Tennessee	 Murfreesboro	 30.200001	 60704	 65417	 126121	 5199	 8948	 2.600000	 TN	 97270	 7265	 1339	 8840	 22651	
California	 Murrieta	 35.299999	 49363	 60453	 109816	 7242	 19875	 3.300000	 CA	 77700	 16041	 2327	 32944	 9259	
Idaho	 Nampa	 31.400000	 45651	 44199	 89850	 4736	 6607	 2.980000	 ID	 80776	 1486	 2167	 22066	 1600	
California	 Napa	 37.200001	 39828	 40601	 80429	 4678	 18449	 2.840000	 CA	 57837	 3593	 1751	 33229	 675	
Illinois	 Naperville	 38.500000	 71365	 75794	 147159	 4545	 30399	 2.760000	 IL	 108937	 31221	 449	 4928	 9031	
New Hampshire	 Nashua	 38.299999	 42926	 45049	 87975	 5532	 12693	 2.460000	 NH	 73977	 9685	 655	 10511	 4147	
Tennessee	 Nashville	 34.099998	 314231	 340365	 654596	 27942	 88193	 2.390000	 TN	 432447	 27355	 5474	 67526	 188844	
Massachusetts	 New Bedford	 38.599998	 43793	 51166	 94959	 4185	 19024	 2.390000	 MA	 63938	 1811	 346	 18336	 8890	
Texas	 New Braunfels	 37.000000	 33071	 36852	 69923	 5204	 5405	 2.850000	 TX	 63789	 1610	 648	 22522	 3471	
Connecticut	 New Britain	 33.400002	 37350	 35459	 72809	 2219	 15080	 2.520000	 CT	 56431	 2297	 0	 30188	 9873	
Connecticut	 New Haven	 29.900000	 63765	 66545	 130310	 2567	 25871	 2.480000	 CT	 56251	 7966	 2205	 43563	 43356	
Louisiana	 New Orleans	 35.900002	 185736	 203881	 389617	 17388	 21679	 2.410000	 LA	 140314	 13349	 2496	 21850	 234645	
New York	 New Rochelle	 40.599998	 38871	 40967	 79838	 2780	 26960	 2.850000	 NY	 44435	 4218	 645	 23548	 17723	
New York	 New York	 36.000000	 4081698	 4468707	 8550405	 156961	 3212500	 2.680000	 NY	 3835726	 1304564	 90923	 2485125	 2192248	
New Jersey	 Newark	 34.599998	 138040	 143873	 281913	 5829	 86253	 2.730000	 NJ	 76402	 7349	 2268	 100432	 144961	
California	 Newport Beach	 46.799999	 43161	 43970	 87131	 4847	 15318	 2.400000	 CA	 74814	 10017	 423	 8127	 0	
Virginia	 Newport News	 32.799999	 88385	 94000	 182385	 18896	 12589	 2.460000	 VA	 95151	 8275	 2201	 15780	 79245	
Massachusetts	 Newton	 42.299999	 41985	 46824	 88809	 1814	 21692	 2.710000	 MA	 69380	 15666	 244	 4790	 2925	
Virginia	 Norfolk	 30.200001	 128917	 117476	 246393	 29445	 16702	 2.510000	 VA	 127741	 11854	 3259	 18760	 107893	
Oklahoma	 Norman	 30.900000	 59483	 60814	 120297	 5578	 8705	 2.470000	 OK	 106409	 6539	 10801	 11732	 6620	
South Carolina	 North Charleston	 30.700001	 56549	 55315	 111864	 9651	 8789	 2.820000	 SC	 48956	 4181	 1042	 12975	 56734	
Nevada	 North Las Vegas	 32.200001	 116350	 118443	 234793	 17256	 49815	 3.310000	 NV	 137357	 20273	 4739	 94804	 54093	
Arkansas	 North Little Rock	 33.599998	 31671	 34835	 66506	 4130	 2787	 2.620000	 AR	 34118	 0	 713	 4860	 30766	
Texas	 North Richland Hills	 39.900002	 35257	 33948	 69205	 5175	 7854	 2.640000	 TX	 58258	 5295	 1127	 10195	 5439	
California	 Norwalk	 35.000000	 53125	 54020	 107145	 3027	 39396	 3.880000	 CA	 46998	 16189	 1165	 76020	 5195	
Connecticut	 Norwalk	 42.400002	 40880	 47603	 88483	 2877	 22328	 2.700000	 CT	 67844	 2954	 552	 24682	 15129	
Missouri	 O'Fallon	 36.000000	 41762	 43270	 85032	 5783	 3269	 2.770000	 MO	 77049	 3447	 685	 2583	 5136	
California	 Oakland	 35.700001	 203827	 215451	 419278	 12159	 113896	 2.560000	 CA	 171599	 75446	 8380	 114054	 118228	
California	 Oceanside	 39.400002	 87482	 88232	 175714	 18051	 37492	 2.720000	 CA	 137533	 20882	 2452	 62100	 11907	
Texas	 Odessa	 31.200001	 61119	 57861	 118980	 5509	 15845	 2.920000	 TX	 106944	 2252	 1134	 63586	 7647	
Utah	 Ogden	 31.299999	 44323	 41127	 85450	 5080	 12791	 2.680000	 UT	 74960	 1911	 1717	 28275	 2620	
Oklahoma	 Oklahoma City	 34.099998	 309227	 322036	 631263	 41843	 80165	 2.580000	 OK	 462306	 33759	 41696	 117362	 111673	
Kansas	 Olathe	 33.000000	 65046	 69270	 134316	 6042	 11913	 2.970000	 KS	 120282	 6288	 1872	 16131	 9518	
Nebraska	 Omaha	 34.200001	 218789	 225098	 443887	 24503	 48263	 2.470000	 NE	 353417	 19105	 6318	 63516	 64223	
California	 Ontario	 31.000000	 85059	 86141	 171200	 4816	 48557	 3.520000	 CA	 74765	 14313	 4304	 118292	 12900	
California	 Orange	 35.000000	 67337	 73658	 140995	 3993	 34550	 3.140000	 CA	 100083	 22457	 658	 46255	 2853	
Utah	 Orem	 26.100000	 48695	 45762	 94457	 2828	 12808	 3.260000	 UT	 85512	 3862	 976	 18342	 1837	
Florida	 Orlando	 33.099998	 130940	 139977	 270917	 12782	 50558	 2.420000	 FL	 179121	 11124	 2374	 89306	 68081	
Wisconsin	 Oshkosh	 33.000000	 32905	 33652	 66557	 3809	 2348	 2.300000	 WI	 60210	 3182	 237	 1972	 2778	
Kansas	 Overland Park	 38.200001	 93355	 93156	 186511	 10461	 21407	 2.410000	 KS	 161153	 17123	 1264	 10104	 10685	
California	 Oxnard	 31.000000	 101906	 105346	 207252	 6367	 78678	 4.080000	 CA	 165423	 18249	 6241	 154911	 7183	
Illinois	 Palatine	 38.000000	 36506	 32763	 69269	 2629	 21760	 2.690000	 IL	 46246	 8145	 0	 18626	 1822	
Florida	 Palm Bay	 40.700001	 51767	 56128	 107895	 10942	 12070	 2.820000	 FL	 84328	 1124	 1603	 16841	 20891	
Florida	 Palm Coast	 48.799999	 39489	 42632	 82121	 7950	 9084	 2.760000	 FL	 67272	 2479	 700	 8706	 10786	
California	 Palmdale	 32.599998	 76361	 81989	 158350	 6388	 41974	 3.540000	 CA	 73480	 10981	 2800	 87452	 27398	
California	 Palo Alto	 40.200001	 31451	 35397	 66848	 2025	 23348	 2.550000	 CA	 43019	 24055	 556	 3496	 1049	
Nevada	 Paradise	 37.200001	 122784	 114162	 236946	 14112	 66712	 2.650000	 NV	 147624	 28380	 4314	 88347	 25091	
Ohio	 Parma	 40.799999	 38425	 41518	 79943	 5028	 6909	 2.420000	 OH	 76282	 974	 876	 5361	 2928	
California	 Pasadena	 37.599998	 67712	 74534	 142246	 4618	 40779	 2.630000	 CA	 76525	 22794	 2161	 52717	 15909	
Texas	 Pasadena	 31.500000	 78827	 74959	 153786	 5735	 38072	 2.950000	 TX	 140240	 1570	 1993	 105871	 6204	
Washington	 Pasco	 28.600000	 35298	 32799	 68097	 2052	 16265	 3.450000	 WA	 55741	 2215	 1054	 38883	 2265	
New Jersey	 Passaic	 30.400000	 36505	 34577	 71082	 693	 24174	 3.560000	 NJ	 30352	 3338	 0	 53680	 5230	
New Jersey	 Paterson	 34.000000	 70640	 77117	 147757	 1694	 49810	 3.370000	 NJ	 54885	 9653	 1083	 85555	 45858	
Rhode Island	 Pawtucket	 39.200001	 36072	 35511	 71583	 3173	 17884	 2.410000	 RI	 47614	 2150	 1359	 16117	 15513	
Texas	 Pearland	 33.900002	 52336	 59329	 111665	 5621	 16882	 3.000000	 TX	 73349	 14683	 851	 26460	 23779	
Florida	 Pembroke Pines	 40.299999	 77050	 89574	 166624	 6849	 62210	 2.940000	 FL	 113624	 12910	 1076	 60519	 34507	
Arizona	 Peoria	 36.900002	 80139	 91103	 171242	 13019	 14260	 2.970000	 AZ	 151232	 6631	 3108	 41129	 8514	
Illinois	 Peoria	 33.099998	 56229	 62432	 118661	 6634	 7517	 2.400000	 IL	 77074	 6989	 1343	 6874	 36333	
California	 Perris	 26.900000	 41623	 33336	 74959	 1321	 23277	 4.780000	 CA	 23882	 3341	 0	 54398	 9393	
Texas	 Pharr	 26.900000	 35242	 41293	 76535	 1376	 25532	 3.670000	 TX	 73694	 0	 0	 72995	 204	
Pennsylvania	 Philadelphia	 34.099998	 741270	 826172	 1567442	 61995	 205339	 2.610000	 PA	 688130	 122721	 17500	 219038	 691186	
Arizona	 Phoenix	 33.799999	 786833	 776168	 1563001	 72388	 300702	 2.890000	 AZ	 1161455	 66403	 41748	 669914	 132939	
Florida	 Pine Hills	 29.200001	 35344	 40737	 76081	 2594	 20735	 3.300000	 FL	 10029	 2209	 0	 10496	 57089	
California	 Pittsburg	 34.500000	 33309	 36118	 69427	 2109	 21043	 3.150000	 CA	 25996	 13981	 2253	 28605	 14931	
Pennsylvania	 Pittsburgh	 32.900002	 149690	 154695	 304385	 17728	 28187	 2.130000	 PA	 208863	 21227	 2689	 9266	 82248	
Texas	 Plano	 38.099998	 138565	 145054	 283619	 11719	 74030	 2.650000	 TX	 195220	 59958	 3771	 42959	 25217	
Florida	 Plantation	 40.599998	 42881	 49674	 92555	 4037	 27902	 2.730000	 FL	 66970	 3954	 0	 26401	 19670	
California	 Pleasanton	 41.299999	 36662	 42857	 79519	 2424	 23208	 2.870000	 CA	 49934	 27662	 608	 7949	 1919	
Minnesota	 Plymouth	 38.400002	 39035	 36893	 75928	 4158	 8830	 2.460000	 MN	 63872	 5561	 760	 3274	 6938	
Florida	 Poinciana	 34.200001	 38142	 35801	 73943	 2933	 14349	 3.930000	 FL	 45622	 1409	 1593	 37382	 24750	
California	 Pomona	 32.099998	 74945	 78307	 153252	 3251	 53879	 3.630000	 CA	 94296	 17646	 3866	 108787	 10774	
Florida	 Pompano Beach	 42.500000	 56569	 51202	 107771	 5145	 32733	 2.550000	 FL	 67360	 1089	 2138	 23225	 38653	
Puerto Rico	 Ponce	 40.500000	 56968	 64615	 121583	 0	 0	 0.000000	 PR	 0	 0	 0	 120705	 0	
Florida	 Port Saint Lucie	 42.099998	 84069	 95341	 179410	 12416	 34003	 2.910000	 FL	 135049	 7967	 1536	 34240	 32986	
Maine	 Portland	 40.299999	 31480	 35392	 66872	 3666	 9229	 2.130000	 ME	 59722	 3696	 662	 2031	 5750	
Oregon	 Portland	 36.700001	 313516	 318671	 632187	 29940	 86041	 2.430000	 OR	 524258	 64386	 15314	 61064	 45914	
Virginia	 Portsmouth	 33.599998	 45900	 50301	 96201	 10261	 1815	 2.540000	 VA	 43004	 1785	 1584	 3896	 52972	
Rhode Island	 Providence	 29.900000	 89090	 90114	 179204	 4933	 53532	 2.720000	 RI	 97885	 13432	 4171	 77968	 30638	
Utah	 Provo	 23.600000	 56231	 59027	 115258	 2177	 10925	 3.280000	 UT	 108471	 4104	 1916	 16668	 1062	
Colorado	 Pueblo	 37.599998	 55635	 53784	 109419	 7989	 3578	 2.440000	 CO	 86097	 2468	 7306	 57579	 4107	
Massachusetts	 Quincy	 41.000000	 44129	 49500	 93629	 4147	 32935	 2.390000	 MA	 58723	 30473	 351	 2566	 3917	
Wisconsin	 Racine	 33.700001	 39314	 38423	 77737	 4650	 4403	 2.560000	 WI	 52445	 1175	 1371	 18215	 20014	
North Carolina	 Raleigh	 32.799999	 219184	 232765	 451949	 16747	 65125	 2.420000	 NC	 275892	 24865	 3955	 51786	 138242	
California	 Rancho Cordova	 33.799999	 34844	 36182	 71026	 4590	 17020	 2.860000	 CA	 47757	 12653	 1940	 13970	 9307	
California	 Rancho Cucamonga	 34.500000	 88127	 87105	 175232	 5821	 33878	 3.180000	 CA	 111832	 24519	 2789	 65823	 24437	
South Dakota	 Rapid City	 39.500000	 36122	 37446	 73568	 7429	 2375	 2.310000	 SD	 63983	 2170	 9159	 2971	 2217	
Pennsylvania	 Reading	 29.400000	 43668	 44205	 87873	 2580	 17043	 2.950000	 PA	 64401	 903	 9671	 57032	 20821	
California	 Redding	 38.799999	 42530	 49049	 91579	 6926	 5181	 2.420000	 CA	 81244	 5271	 4352	 9143	 2112	
California	 Redlands	 36.200001	 33993	 37035	 71028	 3445	 8681	 2.820000	 CA	 55241	 6255	 811	 19698	 6973	
California	 Redondo Beach	 43.000000	 34855	 33330	 68185	 3014	 13536	 2.340000	 CA	 53811	 13118	 1007	 8858	 2234	
California	 Redwood City	 37.099998	 42676	 42624	 85300	 2430	 27652	 2.640000	 CA	 51019	 14873	 664	 29011	 2758	
Nevada	 Reno	 35.700001	 122292	 119151	 241443	 17089	 37070	 2.460000	 NV	 197335	 20681	 3872	 59902	 9427	
Washington	 Renton	 36.299999	 52779	 47468	 100247	 5032	 28962	 2.570000	 WA	 58251	 22550	 2338	 15392	 12265	
California	 Rialto	 31.600000	 49902	 53235	 103137	 2036	 32741	 3.830000	 CA	 74551	 4103	 1065	 78571	 11800	
Texas	 Richardson	 35.500000	 54676	 56151	 110827	 4797	 29579	 2.830000	 TX	 76116	 20724	 1439	 15762	 13256	
California	 Richmond	 35.299999	 52615	 57100	 109715	 3611	 42215	 2.870000	 CA	 36074	 20082	 2348	 45132	 27434	
Virginia	 Richmond	 33.599998	 104793	 115496	 220289	 12538	 15741	 2.290000	 VA	 104568	 6626	 4902	 14259	 109722	
New Mexico	 Rio Rancho	 38.299999	 47251	 46904	 94155	 8527	 5200	 2.860000	 NM	 73022	 2374	 4857	 38674	 3970	
California	 Riverside	 31.400000	 160613	 161810	 322423	 12373	 69584	 3.340000	 CA	 225157	 27675	 5338	 160697	 26147	
Florida	 Riverview	 32.200001	 44210	 45536	 89746	 6943	 12240	 3.220000	 FL	 60793	 3582	 726	 23317	 15159	
Virginia	 Roanoke	 36.900002	 47252	 52645	 99897	 6567	 7346	 2.350000	 VA	 68761	 3237	 594	 6091	 30920	
Minnesota	 Rochester	 35.000000	 54934	 57282	 112216	 6888	 17763	 2.550000	 MN	 93477	 9839	 1172	 6617	 9425	
New York	 Rochester	 31.400000	 100135	 109673	 209808	 7288	 17735	 2.360000	 NY	 105636	 8748	 4856	 38004	 93072	
Michigan	 Rochester Hills	 41.200001	 36356	 37076	 73432	 3053	 13708	 2.660000	 MI	 62170	 8092	 348	 3395	 3514	
South Carolina	 Rock Hill	 34.500000	 33324	 38243	 71567	 4755	 2413	 2.290000	 SC	 41652	 1073	 610	 2845	 28204	
Illinois	 Rockford	 36.299999	 71076	 78270	 149346	 8894	 18323	 2.520000	 IL	 107148	 5500	 2301	 28923	 33122	
Maryland	 Rockville	 38.099998	 31205	 35793	 66998	 1990	 25047	 2.600000	 MD	 41692	 17370	 594	 9197	 7533	
California	 Roseville	 38.400002	 62591	 67691	 130282	 8386	 18161	 2.720000	 CA	 103853	 18171	 2635	 23499	 4413	
Georgia	 Roswell	 38.799999	 48637	 45859	 94496	 3325	 16501	 2.700000	 GA	 69857	 7240	 585	 16920	 15458	
Texas	 Round Rock	 34.900002	 56646	 59193	 115839	 6804	 18237	 3.130000	 TX	 92278	 9685	 1551	 37151	 13636	
California	 Sacramento	 33.700001	 237724	 252991	 490715	 19698	 112579	 2.730000	 CA	 268151	 105063	 10145	 150153	 77439	
Missouri	 Saint Charles	 34.900002	 32054	 36747	 68801	 4371	 5274	 2.330000	 MO	 58662	 3392	 681	 4070	 6842	
Minnesota	 Saint Cloud	 30.700001	 34311	 33942	 68253	 5012	 5757	 2.410000	 MN	 59794	 2494	 1169	 2639	 6401	
Utah	 Saint George	 37.299999	 38732	 41475	 80207	 4443	 4824	 2.810000	 UT	 71915	 1649	 2406	 10829	 1376	
Missouri	 Saint Joseph	 35.700001	 37688	 38408	 76096	 5846	 3755	 2.580000	 MO	 68293	 1271	 1018	 5400	 6964	
Missouri	 Saint Louis	 35.000000	 153026	 162659	 315685	 17060	 21802	 2.160000	 MO	 155574	 12209	 2746	 12261	 151030	
Minnesota	 Saint Paul	 31.500000	 149547	 151293	 300840	 10548	 56514	 2.580000	 MN	 191369	 58174	 6858	 27307	 54665	
Florida	 Saint Petersburg	 41.799999	 123524	 133564	 257088	 20247	 28567	 2.420000	 FL	 179121	 10893	 2716	 20483	 67798	
Oregon	 Salem	 35.400002	 80839	 83704	 164543	 9685	 19668	 2.690000	 OR	 148650	 6076	 7678	 39414	 3770	
California	 Salinas	 30.400000	 77765	 79621	 157386	 4020	 58693	 3.720000	 CA	 95283	 11227	 2855	 121196	 3391	
Utah	 Salt Lake City	 32.099998	 98364	 94296	 192660	 6829	 32166	 2.380000	 UT	 150136	 13153	 3488	 40559	 5365	
Texas	 San Angelo	 32.799999	 49669	 50744	 100413	 8412	 7859	 2.500000	 TX	 86655	 1658	 548	 42494	 6079	
Texas	 San Antonio	 33.099998	 721405	 748419	 1469824	 109089	 208046	 2.930000	 TX	 1240092	 53933	 20752	 937607	 119542	
California	 San Bernardino	 28.500000	 108671	 107466	 216137	 7741	 55135	 3.550000	 CA	 123174	 12981	 4520	 136214	 36393	
California	 San Buenaventura	 37.700001	 53932	 55785	 109717	 5980	 18025	 2.680000	 CA	 95139	 6547	 2808	 38463	 1300	
California	 San Clemente	 45.200001	 34076	 31456	 65532	 3970	 8109	 2.640000	 CA	 58849	 4296	 0	 10421	 251	
California	 San Diego	 34.500000	 693826	 701081	 1394907	 92489	 373842	 2.730000	 CA	 949388	 267222	 16496	 425414	 111650	
California	 San Francisco	 38.299999	 439752	 425064	 864816	 26276	 297199	 2.370000	 CA	 442155	 324034	 8997	 132114	 53270	
California	 San Jose	 36.500000	 518317	 508602	 1026919	 27269	 401493	 3.130000	 CA	 442798	 385198	 13776	 331232	 41721	
Puerto Rico	 San Juan	 41.400002	 155408	 186829	 342237	 0	 0	 0.000000	 PR	 0	 2452	 4031	 335559	 0	
California	 San Leandro	 41.799999	 43032	 47679	 90711	 4111	 34293	 2.790000	 CA	 40182	 34019	 1540	 26894	 11100	
California	 San Marcos	 35.400002	 45246	 47688	 92934	 5189	 21558	 3.130000	 CA	 72061	 11519	 821	 35164	 4447	
California	 San Mateo	 39.299999	 50966	 52558	 103524	 2730	 34957	 2.640000	 CA	 62656	 30573	 682	 23151	 2880	
California	 San Ramon	 39.099998	 39221	 36911	 76132	 2855	 29691	 3.090000	 CA	 37057	 38970	 609	 5449	 2734	
Arizona	 San Tan Valley	 31.299999	 40429	 42368	 82797	 4300	 5757	 3.440000	 AZ	 75429	 1378	 3941	 18733	 2027	
Utah	 Sandy	 34.599998	 46923	 46689	 93612	 3451	 6691	 3.220000	 UT	 85130	 5657	 507	 6832	 522	
Georgia	 Sandy Springs	 35.400002	 48570	 56777	 105347	 3015	 19837	 2.400000	 GA	 78835	 7909	 1574	 13670	 15420	
California	 Santa Ana	 30.799999	 167503	 167920	 335423	 4735	 152999	 4.580000	 CA	 163096	 37651	 4838	 262436	 5813	
California	 Santa Barbara	 37.799999	 45068	 46784	 91852	 4518	 19441	 2.510000	 CA	 73659	 4964	 1560	 31102	 2013	
California	 Santa Clara	 35.200001	 63278	 62938	 126216	 4426	 52281	 2.750000	 CA	 55847	 58360	 1354	 22402	 4580	
California	 Santa Clarita	 38.099998	 90192	 92175	 182367	 8537	 40666	 3.020000	 CA	 144949	 23168	 4441	 56944	 9223	
New Mexico	 Santa Fe	 44.099998	 40601	 43511	 84112	 5083	 13824	 2.410000	 NM	 75494	 1878	 2960	 45884	 1284	
California	 Santa Maria	 30.100000	 53320	 51762	 105082	 2876	 39192	 3.830000	 CA	 90403	 5058	 1575	 81551	 1237	
California	 Santa Monica	 40.599998	 46732	 46487	 93219	 2008	 24448	 2.000000	 CA	 70365	 13283	 2197	 14973	 9663	
California	 Santa Rosa	 37.900002	 86840	 88149	 174989	 9101	 33015	 2.700000	 CA	 138506	 13496	 8859	 54578	 7157	
Georgia	 Savannah	 30.299999	 69389	 76295	 145684	 9717	 10355	 2.570000	 GA	 57690	 5366	 2116	 9734	 82307	
Illinois	 Schaumburg	 36.900002	 35971	 39840	 75811	 2019	 24614	 2.720000	 IL	 43688	 21571	 633	 12545	 2071	
New York	 Schenectady	 36.700001	 32398	 32901	 65299	 3388	 10961	 2.820000	 NY	 40278	 5140	 1059	 5957	 15640	
Arizona	 Scottsdale	 46.900002	 115712	 121132	 236844	 16798	 27207	 2.170000	 AZ	 205512	 11555	 7003	 24766	 5279	
Pennsylvania	 Scranton	 38.500000	 37975	 39137	 77112	 5059	 8069	 2.390000	 PA	 66875	 4722	 0	 11301	 6256	
Washington	 Seattle	 35.500000	 345659	 338784	 684443	 29364	 119840	 2.130000	 WA	 511401	 121507	 12804	 43060	 61974	
Kansas	 Shawnee	 40.099998	 32313	 32745	 65058	 3575	 4136	 2.640000	 KS	 55883	 3093	 485	 4864	 7296	
Louisiana	 Shreveport	 35.200001	 93138	 103856	 196994	 14287	 5658	 2.530000	 LA	 79319	 4033	 1647	 5081	 112923	
Maryland	 Silver Spring	 33.799999	 40601	 41862	 82463	 1562	 30908	 2.600000	 MD	 37756	 8841	 1084	 25924	 21330	
California	 Simi Valley	 39.000000	 63243	 63523	 126766	 6063	 23260	 3.130000	 CA	 107898	 14984	 2474	 34032	 2378	
Iowa	 Sioux City	 34.299999	 38827	 43949	 82776	 4093	 7471	 2.570000	 IA	 70513	 3400	 1956	 15602	 3994	
South Dakota	 Sioux Falls	 34.599998	 86596	 84934	 171530	 8658	 12934	 2.380000	 SD	 149298	 4689	 4623	 9388	 10904	
Illinois	 Skokie	 43.400002	 31382	 33437	 64819	 1066	 27424	 2.780000	 IL	 40642	 20272	 0	 6590	 4937	
Massachusetts	 Somerville	 31.000000	 41028	 39306	 80334	 2103	 22292	 2.430000	 MA	 62927	 9498	 374	 8790	 7140	
Indiana	 South Bend	 32.400002	 50483	 53274	 103757	 3708	 8779	 2.720000	 IN	 71391	 1788	 411	 16462	 30005	
California	 South Gate	 32.500000	 47758	 48641	 96399	 724	 40571	 3.970000	 CA	 55444	 971	 618	 91312	 1615	
Utah	 South Jordan	 33.799999	 33669	 32970	 66639	 2595	 6142	 3.610000	 UT	 59046	 2487	 0	 4672	 0	
California	 South San Francisco	 39.400002	 34177	 33094	 67271	 1839	 27528	 3.330000	 CA	 28135	 23008	 535	 29173	 2327	
Michigan	 Southfield	 41.599998	 31369	 41808	 73177	 4035	 4011	 2.270000	 MI	 18296	 1345	 983	 573	 54200	
Nevada	 Sparks	 36.099998	 47780	 48318	 96098	 7315	 15690	 2.630000	 NV	 78737	 7915	 2019	 29159	 4226	
Washington	 Spokane	 36.599998	 102756	 110511	 213267	 18044	 13253	 2.340000	 WA	 193143	 9059	 7192	 13365	 10045	
Washington	 Spokane Valley	 36.000000	 49933	 44975	 94908	 7984	 4199	 2.390000	 WA	 91125	 1336	 2473	 5110	 1192	
Florida	 Spring Hill	 45.099998	 48295	 54902	 103197	 9737	 7893	 2.580000	 FL	 91742	 2409	 1254	 15838	 7689	
Nevada	 Spring Valley	 37.000000	 96808	 97147	 193955	 10644	 61072	 2.790000	 NV	 111763	 45059	 2215	 40374	 29031	
Arkansas	 Springdale	 31.799999	 36840	 43614	 80454	 3397	 19969	 3.040000	 AR	 56843	 1422	 547	 30200	 1859	
Illinois	 Springfield	 38.799999	 55639	 62170	 117809	 7525	 4264	 2.220000	 IL	 90935	 3871	 1602	 2738	 25327	
Massachusetts	 Springfield	 31.799999	 74744	 79592	 154336	 5723	 16226	 2.810000	 MA	 97171	 5606	 2087	 69209	 35284	
Missouri	 Springfield	 34.099998	 81057	 85741	 166798	 12291	 7765	 2.120000	 MO	 151686	 5725	 2777	 7100	 10026	
Connecticut	 Stamford	 35.400002	 64941	 63936	 128877	 2269	 44003	 2.700000	 CT	 85620	 11013	 1416	 33197	 24329	
Michigan	 Sterling Heights	 39.599998	 64985	 67077	 132062	 6970	 34313	 2.660000	 MI	 112743	 12264	 0	 2811	 8054	
California	 Stockton	 32.500000	 150976	 154674	 305650	 12822	 79583	 3.160000	 CA	 170878	 76859	 19834	 128216	 41161	
Virginia	 Suffolk	 38.200001	 43048	 45113	 88161	 10114	 2829	 2.720000	 VA	 46458	 2248	 504	 3539	 39107	
Texas	 Sugar Land	 42.099998	 43889	 44240	 88129	 4377	 31169	 2.950000	 TX	 44555	 33469	 0	 7835	 8993	
California	 Sunnyvale	 35.700001	 79480	 72280	 151760	 3900	 71441	 2.740000	 CA	 71463	 69472	 1179	 25638	 4210	
Florida	 Sunrise	 37.700001	 41471	 51235	 92706	 4108	 38209	 2.980000	 FL	 54976	 3501	 0	 29163	 33951	
Nevada	 Sunrise Manor	 32.500000	 93505	 99103	 192608	 10663	 56530	 3.250000	 NV	 109960	 16165	 3962	 99838	 29483	
Arizona	 Surprise	 39.400002	 62875	 65567	 128442	 11109	 9929	 2.900000	 AZ	 115419	 3153	 1883	 25366	 9079	
New York	 Syracuse	 30.299999	 69462	 74690	 144152	 5845	 17733	 2.390000	 NY	 88679	 9386	 3606	 13368	 46026	
Washington	 Tacoma	 37.700001	 100914	 107036	 207950	 19040	 31863	 2.480000	 WA	 149859	 26909	 5549	 25764	 30914	
Florida	 Tallahassee	 26.200001	 89390	 100504	 189894	 9575	 16720	 2.380000	 FL	 112800	 10035	 1368	 13538	 69135	
Florida	 Tampa	 35.299999	 175517	 193511	 369028	 20636	 58795	 2.470000	 FL	 257552	 15814	 2915	 95154	 92156	
California	 Temecula	 34.200001	 54407	 57619	 112026	 7587	 18884	 3.340000	 CA	 85130	 14532	 2236	 36246	 5698	
Arizona	 Tempe	 28.799999	 91350	 84476	 175826	 7058	 26620	 2.440000	 AZ	 130346	 17338	 4636	 44404	 11293	
Texas	 Temple	 33.599998	 33512	 38785	 72297	 7333	 3968	 2.590000	 TX	 54698	 1781	 1615	 21372	 14747	
Florida	 The Villages	 70.500000	 0	 0	 72590	 15231	 4034	 0.000000	 FL	 72211	 0	 0	 1066	 331	
Texas	 The Woodlands	 38.799999	 56083	 63061	 119144	 8351	 21188	 2.930000	 TX	 106202	 8828	 2427	 19574	 6420	
Colorado	 Thornton	 33.099998	 65482	 67977	 133459	 7261	 17949	 2.970000	 CO	 119264	 7034	 2967	 49241	 4569	
California	 Thousand Oaks	 44.799999	 65113	 64216	 129329	 6323	 25330	 2.790000	 CA	 108375	 16134	 2690	 26754	 3229	
Ohio	 Toledo	 36.099998	 135455	 144323	 279778	 15286	 9257	 2.290000	 OH	 188325	 6850	 3942	 23614	 85552	
New Jersey	 Toms River	 43.700001	 43864	 43886	 87750	 5042	 6852	 2.710000	 NJ	 79538	 4691	 251	 10267	 3703	
Kansas	 Topeka	 37.099998	 60879	 66378	 127257	 9608	 6711	 2.320000	 KS	 108035	 3127	 4804	 18640	 15030	
California	 Torrance	 41.200001	 73209	 75259	 148468	 8459	 43096	 2.700000	 CA	 80498	 54317	 3638	 25699	 5906	
Florida	 Town n Country	 38.099998	 39410	 39586	 78996	 4534	 22135	 2.610000	 FL	 64441	 3347	 1622	 37944	 9575	
California	 Tracy	 35.500000	 43156	 43937	 87093	 3025	 25410	 3.420000	 CA	 58041	 16856	 2120	 32810	 5241	
New Jersey	 Trenton	 33.299999	 42581	 41650	 84231	 2604	 20428	 3.040000	 NJ	 37683	 1437	 98	 30613	 43471	
Michigan	 Troy	 43.299999	 42371	 40905	 83276	 2975	 21004	 2.590000	 MI	 56175	 22721	 1677	 2400	 5294	
Arizona	 Tucson	 33.599998	 264893	 266781	 531674	 38182	 82220	 2.450000	 AZ	 404342	 24689	 24409	 231025	 33900	
Oklahoma	 Tulsa	 35.000000	 197437	 205654	 403091	 24672	 43751	 2.370000	 OK	 279127	 16318	 42129	 61217	 72643	
California	 Turlock	 36.200001	 33190	 39103	 72293	 3397	 14686	 2.760000	 CA	 59308	 5232	 1187	 23559	 2307	
Alabama	 Tuscaloosa	 29.100000	 47293	 51045	 98338	 3647	 4706	 2.670000	 AL	 52603	 2733	 261	 2475	 42331	
California	 Tustin	 33.400002	 39511	 41052	 80563	 2434	 25034	 3.270000	 CA	 39660	 16074	 538	 33998	 2954	
Texas	 Tyler	 33.900002	 50422	 53283	 103705	 4813	 8225	 2.590000	 TX	 72728	 2543	 1057	 21536	 26156	
California	 Union City	 38.500000	 38599	 35911	 74510	 1440	 32752	 3.460000	 CA	 16845	 44849	 243	 13207	 5508	
New Jersey	 Union City	 35.400002	 35376	 33773	 69149	 705	 40553	 2.850000	 NJ	 50031	 4044	 545	 53174	 4686	
California	 Upland	 39.700001	 36226	 40221	 76447	 2898	 16552	 2.770000	 CA	 46704	 9182	 1068	 30787	 5717	
Hawaii	 Urban Honolulu	 41.400002	 176807	 175959	 352766	 23213	 101312	 2.690000	 HI	 110508	 240978	 5592	 24586	 11781	
California	 Vacaville	 35.799999	 50091	 46703	 96794	 9064	 10577	 2.900000	 CA	 66825	 9273	 3140	 23395	 18023	
California	 Vallejo	 37.799999	 58379	 62890	 121269	 8103	 30592	 2.830000	 CA	 56169	 34753	 1671	 28977	 26778	
Washington	 Vancouver	 37.200001	 82958	 89895	 172853	 12391	 21748	 2.490000	 WA	 149863	 10882	 4541	 23184	 7520	
Texas	 Victoria	 35.799999	 32290	 35291	 67581	 5000	 4480	 2.700000	 TX	 58798	 2032	 0	 34409	 6058	
California	 Victorville	 30.600000	 60989	 61247	 122236	 7484	 21959	 3.470000	 CA	 86648	 7755	 5305	 60569	 26747	
Virginia	 Virginia Beach	 35.400002	 222684	 230061	 452745	 54995	 38360	 2.610000	 VA	 324924	 38715	 4590	 36309	 99948	
California	 Visalia	 32.599998	 63695	 66399	 130094	 5547	 20779	 3.110000	 CA	 107322	 11523	 2113	 63482	 2525	
California	 Vista	 29.299999	 50680	 50204	 100884	 4957	 23271	 3.520000	 CA	 83529	 7189	 0	 49524	 5164	
Texas	 Waco	 29.299999	 63452	 68890	 132342	 10716	 14235	 2.570000	 TX	 96958	 4230	 794	 40585	 29883	
Maryland	 Waldorf	 33.599998	 35640	 39872	 75512	 6932	 5954	 2.690000	 MD	 26788	 4100	 1918	 4810	 47334	
California	 Walnut Creek	 47.599998	 31994	 36912	 68906	 4977	 13624	 2.220000	 CA	 57064	 10831	 0	 5212	 1705	
Georgia	 Warner Robins	 31.400000	 35093	 38909	 74002	 6974	 3210	 2.500000	 GA	 42306	 2723	 1309	 5378	 29307	
Michigan	 Warren	 43.200001	 64063	 71293	 135356	 7806	 18822	 2.450000	 MI	 96357	 12156	 1516	 3210	 29391	
Rhode Island	 Warwick	 42.599998	 39289	 42409	 81698	 5799	 5318	 2.400000	 RI	 76999	 2685	 0	 4723	 1212	
District of Columbia	 Washington	 33.799999	 319705	 352523	 672228	 25963	 95117	 2.240000	 DC	 285402	 35072	 6130	 71129	 328786	
Connecticut	 Waterbury	 36.200001	 52235	 56572	 108807	 3493	 19967	 2.710000	 CT	 69075	 4080	 492	 38222	 26972	
Iowa	 Waterloo	 37.200001	 34488	 33969	 68457	 4800	 5082	 2.420000	 IA	 51252	 1636	 467	 4961	 11815	
Illinois	 Waukegan	 32.299999	 45514	 42833	 88347	 3404	 30997	 2.920000	 IL	 65629	 4933	 677	 54214	 11697	
Wisconsin	 Waukesha	 35.799999	 36263	 35713	 71976	 3116	 4982	 2.350000	 WI	 66757	 2904	 481	 9713	 1923	
California	 West Covina	 39.799999	 51629	 56860	 108489	 3800	 37038	 3.560000	 CA	 48046	 32716	 518	 58907	 3693	
Utah	 West Jordan	 30.799999	 57898	 54044	 111942	 3577	 11492	 3.460000	 UT	 100150	 3539	 1211	 21315	 3179	
Florida	 West Palm Beach	 39.599998	 49262	 57520	 106782	 4917	 30675	 2.530000	 FL	 60648	 3191	 406	 26132	 39226	
Utah	 West Valley City	 30.700001	 68235	 67989	 136224	 4880	 30712	 3.810000	 UT	 89145	 9550	 4851	 44080	 3222	
Michigan	 Westland	 39.900002	 37742	 44253	 81995	 4756	 6429	 2.410000	 MI	 60576	 4843	 429	 2827	 16422	
California	 Westminster	 42.900002	 45538	 46573	 92111	 3435	 42227	 3.270000	 CA	 37593	 46560	 1022	 19111	 2270	
Colorado	 Westminster	 37.799999	 54866	 58251	 113117	 6512	 11361	 2.630000	 CO	 100084	 8668	 1444	 23355	 3228	
Florida	 Weston	 38.599998	 32956	 36991	 69947	 1507	 30876	 3.340000	 FL	 61021	 4130	 128	 36687	 3697	
California	 Whittier	 36.099998	 44397	 43039	 87436	 2790	 17145	 3.110000	 CA	 49388	 3503	 680	 61249	 1262	
Kansas	 Wichita	 34.599998	 192354	 197601	 389955	 23978	 40270	 2.560000	 KS	 305910	 25210	 8791	 65162	 52592	
Texas	 Wichita Falls	 34.000000	 55775	 48934	 104709	 7800	 9855	 2.410000	 TX	 82860	 3688	 1503	 23061	 14529	
Delaware	 Wilmington	 36.400002	 32680	 39277	 71957	 3063	 3336	 2.450000	 DE	 23743	 1193	 414	 5516	 44182	
North Carolina	 Wilmington	 35.500000	 52346	 63601	 115947	 5908	 7401	 2.240000	 NC	 89270	 3152	 742	 6811	 23578	
North Carolina	 Winston-Salem	 34.700001	 112520	 128712	 241232	 14521	 24302	 2.470000	 NC	 139301	 6484	 1415	 38321	 87480	
Minnesota	 Woodbury	 37.700001	 31982	 35868	 67850	 2732	 9477	 2.720000	 MN	 56216	 7758	 0	 3258	 6054	
Massachusetts	 Worcester	 34.900002	 90951	 93855	 184806	 9408	 36907	 2.430000	 MA	 131898	 15932	 1917	 39000	 27491	
Michigan	 Wyoming	 32.799999	 35967	 39310	 75277	 3447	 8612	 2.650000	 MI	 58989	 3227	 2444	 15325	 8839	
Washington	 Yakima	 34.000000	 45147	 48553	 93700	 4705	 15717	 2.740000	 WA	 79286	 2248	 2042	 44172	 924	
New York	 Yonkers	 38.000000	 96580	 104538	 201118	 4801	 61247	 2.800000	 NY	 129492	 13981	 1112	 73608	 38731	
California	 Yorba Linda	 45.500000	 31960	 36006	 67966	 3171	 15532	 3.000000	 CA	 49980	 17616	 211	 10599	 1326	
Ohio	 Youngs	 37.500000	 30758	 33851	 64609	 3620	 1058	 2.220000	 OH	 33031	 247	 875	 7564	 31725	
California	 Yuba City	 34.500000	 33654	 33290	 66944	 4706	 18032	 2.900000	 CA	 48746	 15065	 2163	 20890	 1912	
Arizona	 Yuma	 33.400002	 48298	 45847	 94145	 7182	 19326	 2.640000	 AZ	 69691	 1180	 1228	 57054	 3731	
